{
  "project_info": {
    "project_number": "1018428695345",
    "project_id": "communitypageimbizo",
    "storage_bucket": "communitypageimbizo.appspot.com"
  },
  "client": [
    {
      "client_info": {
        "mobilesdk_app_id": "1:1018428695345:android:a93c2eff7b4f609de18610",
        "android_client_info": {
          "package_name": "com.bca.communitypageimbizo"
        }
      },
      "oauth_client": [
        {
          "client_id": "1018428695345-cf9r36a2fkr5v30hf0kkeobj1d520kn2.apps.googleusercontent.com",
          "client_type": 3
        }
      ],
      "api_key": [
        {
          "current_key": "AIzaSyAyR421IPYI_6coQG0aspwKC6M1u9cvNtg"
        }
      ],
      "services": {
        "appinvite_service": {
          "other_platform_oauth_client": [
            {
              "client_id": "1018428695345-cf9r36a2fkr5v30hf0kkeobj1d520kn2.apps.googleusercontent.com",
              "client_type": 3
            }
          ]
        }
      }
    }
  ],
  "configuration_version": "1"
}